"name","id"
"Abri herba","ev:E00479"
"Abrus cantoniensis herb","ev:E00479"
"Abutili semen","ev:E00459"
"Abutilon seed","ev:E00459"
"Acacia","ev:E00007"
"Acanthopanax giraldii shaft bark","ev:E00594"
"Acanthopanax gracilistylus root bark","ev:E00593"
"Achyranthes aspera Achyranthes longifolia, Achyranthes bidentata root","ev:E00693"
"Achyranthes bidentata root","ev:E00094"
"Achyranthes fauriei root","ev:E00689"
"Achyranthes obtusifolia Achyranthes rubrofusca, Achyranthes longifolia root","ev:E00692"
"Aconitum carmichael daughter root","ev:E00575"
"Aconitum carmichaeli mother root","ev:E00256"
"Aconitum coreanum tuberous root","ev:E00580"
"Aconitum japonicum tuberous root","ev:E00359"
"Aconitum triphyllum tuberous root","ev:E00577"
"Aconitum tuberous root","ev:E00576"
"Acori graminei rhizoma","ev:E00210"
"Acorus gramineus rhizome","ev:E00210"
"Actinidia polygama gall","ev:E00349"
"Adenophora root","ev:E00208"
"Adenophrae radix","ev:E00208"
"Adlay","ev:E00845"
"Agar","ev:E00004"
"Agarwood","ev:E00281"
"Agglomerative substance of Bamboo","ev:E00294"
"Agkistrodon acutus","ev:E00516"
"Agkistrodon japonicae","ev:E00515"
"Agrimonia herb","ev:E00357"
"Ajugae herba","ev:E00481"
"Akebia fruit","ev:E00458"
"Akebia stem","ev:E00163"
"Akebiae fructus","ev:E00458"
"Akyo","ev:E00189"
"Albizzia bark","ev:E00358"
"Alcoholic beverage","ev:E00840"
"Alisma rhizome","ev:E00129"
"Allii chinensis bulbus","ev:E00427"
"Allii tuberosi folium","ev:E00861"
"Allii tuberosi semen","ev:E00444"
"Allium chinense bulb","ev:E00427"
"Allium leaf sheath","ev:E00347"
"Allium macrostemon bulb","ev:E00616"
"Allium tuberosum leaf","ev:E00861"
"Allium tuberosum seed","ev:E00444"
"Allolobophora caliginosa","ev:E00660"
"Allspice oil","ev:E00722"
"Allume","ev:E00862"
"Almond oil","ev:E00235"
"Alocasia odora rhizome","ev:E00423"
"Aloe","ev:E00055"
"Alpinia galanga fruit","ev:E00437"
"Alpinia katsumadai seed","ev:E00439"
"Alpinia offcinarum rhizome","ev:E00170"
"Alpiniae galangae fructus","ev:E00437"
"Alpiniae katsumadaii semen","ev:E00439"
"Aluminum silicate hydrate with silicon dioxide","ev:E00192"
"Ambergris","ev:E00519"
"Amblytropis multiflora root or herb","ev:E00627"
"Ambra grisea","ev:E00519"
"American ginseng","ev:E00406"
"Amethyst","ev:E00540"
"Amomi rotundi fructus","ev:E00344"
"Amomi tsaoko fructus","ev:E00438"
"Amomum fruit","ev:E00344"
"Amomum seed","ev:E00114"
"Amomum tsaoko fruit","ev:E00438"
"Ampelopsis root","ev:E00310"
"Amyda carapace","ev:E00225"
"Amydae testudo","ev:E00225"
"Amyris oil","ev:E00561"
"Anemarrhena rhizome","ev:E00131"
"Anemone altaica rhizome","ev:E00407"
"Anemone raddeana root","ev:E00420"
"Anemones raddeanae rhizoma","ev:E00420"
"Anethi fructus","ev:E00434"
"Anethum graveolens fruit","ev:E00434"
"Angelica","ev:E00759"
"Angelica dahurica root","ev:E00149"
"Angelica pubescens root","ev:E00228"
"Angelicae pubescentis radix","ev:E00228"
"Anise oil","ev:E00236"
"Anise oil","ev:E00712"
"Aniseed oil","ev:E00712"
"Antelopis cornu","ev:E00514"
"Aojiru","ev:E00858"
"Apricot kernel","ev:E00080"
"Apricot kernel water","ev:E00025"
"Aquilariae resinatum lignum","ev:E00281"
"Arabian myrrh","ev:E00584"
"Aralia elata bark tree, and root bark","ev:E00500"
"Aralia elata root bark","ev:E00216"
"Aralia rhizome","ev:E00186"
"Aralia root","ev:E00844"
"Araliae cordatae radix","ev:E00844"
"Araliae cortex","ev:E00216"
"Araliae cortex lignum et radicis cortex","ev:E00500"
"Ardisia crenata root","ev:E00667"
"Ardisia hortorum root","ev:E00669"
"Ardisia mamillata root","ev:E00670"
"Areca","ev:E00152"
"Areca fruit peel","ev:E00211"
"Areca pericarp","ev:E00211"
"Arecae pericarpium","ev:E00211"
"Arenaria juncea Silene fortunei, Silene jenisensis, Gypsophila oldhamiana root","ev:E00600"
"Arenaria serpyllifolia herb","ev:E00637"
"Arisaema tuber","ev:E00199"
"Arisaematis tuber","ev:E00199"
"Aristolochia fruit","ev:E00432"
"Aristolochia root","ev:E00360"
"Aristolochiae fructus","ev:E00432"
"Arnica","ev:E00758"
"Artemisia annua stem and leaf","ev:E00355"
"Artemisia capillaris Artemisia scoparia stem and leaf","ev:E00705"
"Artemisia capillaris flower","ev:E00056"
"Artemisia leaf","ev:E00191"
"Artemisiae capillaris flos","ev:E00056"
"Artemisiae folium","ev:E00191"
"Artichoke","ev:E00756"
"Asa foetida","ev:E00502"
"Asarum sagittarioides herb","ev:E00597"
"Asiasarum root","ev:E00100"
"Asini corii collas","ev:E00189"
"Asparagus tuber","ev:E00136"
"Aspongopus","ev:E00537"
"Ass hide glue","ev:E00189"
"Aster root","ev:E00205"
"Aster root and rhizome","ev:E00205"
"Asteris radix","ev:E00205"
"Astilbe rhizome","ev:E00698"
"Astragali semen","ev:E00436"
"Astragalus complanatus seed","ev:E00436"
"Astragalus root","ev:E00061"
"Atractylodes lancea rhizome","ev:E00123"
"Atractylodes rhizome","ev:E00150"
"Bakuga","ev:E00255"
"Bamboo culm","ev:E00198"
"Bambusae caulis","ev:E00198"
"Basil oil","ev:E00244"
"Bat faeces","ev:E00513"
"Bay oil","ev:E00245"
"Bear bile","ev:E00166"
"Bearberry leaf","ev:E00058"
"Belladonna","ev:E00008"
"Belladonna extract","ev:E00008"
"Belladonna leaf","ev:E00229"
"Belladonna root","ev:E00010"
"Benincasa seed","ev:E00137"
"Benzoin","ev:E00009"
"Benzoin tincture","ev:E00009"
"Berberis root","ev:E00613"
"Bergamot oil","ev:E00559"
"Bilberry","ev:E00804"
"Birch","ev:E00796"
"Bissabol myrrh","ev:E00585"
"Bitter cardamon","ev:E00165"
"Bitter gourd","ev:E00794"
"Bitter melon","ev:E00794"
"Bitter orange oil","ev:E00562"
"Bitter orange peel","ev:E00031"
"Black cohosh","ev:E00808"
"Black currant","ev:E00807"
"Black pepper","ev:E00335"
"Black pepper oil","ev:E00246"
"Black snakeroot","ev:E00808"
"Black soy bean","ev:E00786"
"Blackberry lily root","ev:E00314"
"Bladderwrack","ev:E00806"
"Blattidae","ev:E00527"
"Bletilla striata corm","ev:E00413"
"Bletillae tuber","ev:E00413"
"Blue gum","ev:E00825"
"Blue mallow","ev:E00763"
"Boehmeria nivea root","ev:E00419"
"Boehmeriae radix","ev:E00419"
"Bois de rose oil","ev:E00247"
"Bokusoku","ev:E00200"
"Bolboschoenus fluviatilis tuber","ev:E00674"
"Bombax malabaricum bark","ev:E00746"
"Bombycis faeces","ev:E00529"
"Bombyx batryticatus","ev:E00308"
"Boneset","ev:E00311"
"Boschniakia herb","ev:E00847"
"Boschniakiae herba","ev:E00847"
"Boswellia gum substance","ev:E00343"
"Brassica hirta seed","ev:E00586"
"Brassica juncea seed","ev:E00325"
"Brassica nigra seed","ev:E00587"
"Breea Cirsium, Ixeris root, rhizome or herb","ev:E00619"
"Broussonetia papyrifera fruit","ev:E00454"
"Broussonetiae fructus","ev:E00454"
"Brown rice","ev:E00251"
"Buddleiae flos","ev:E00491"
"Buddleja officinalis flower bud or inflorescence","ev:E00491"
"Bulgarian rose oil","ev:E00242"
"Bungarus multicinctus Elaphe moellendorffi","ev:E00644"
"Bupleurum chinense root","ev:E00568"
"Bupleurum longiradiatum root","ev:E00571"
"Bupleurum root","ev:E00099"
"Bupleurum scorzonerifolium root","ev:E00569"
"Burdock fruit","ev:E00095"
"Burdock root","ev:E00797"
"Burnet root","ev:E00291"
"Butterbur","ev:E00800"
"Byakugo","ev:E00187"
"Calcite","ev:E00545"
"Calcitum","ev:E00545"
"Calumba","ev:E00097"
"Camphor tree","ev:E00401"
"Campsis grandiflora flower","ev:E00493"
"Campsitis flos","ev:E00493"
"Camptotheca acuminata","ev:E00259"
"Cananga oil","ev:E00563"
"Canis male sex organ","ev:E00850"
"Cantharides tincture","ev:E00036"
"Capsicum","ev:E00014"
"Capsicum extract","ev:E00047"
"Capsicum tincture","ev:E00047"
"Caraway oil","ev:E00237"
"Cardamom oil","ev:E00238"
"Cardamom seed","ev:E00015"
"Cardamon","ev:E00015"
"Carpesium abrotanoides fruit","ev:E00625"
"Cascara sagrada","ev:E00013"
"Cascara sagrada fluidextract","ev:E00013"
"Cassia oil","ev:E00650"
"Cassia seed","ev:E00086"
"Cassis","ev:E00807"
"Castor oil","ev:E00049"
"Cat's claw","ev:E00773"
"Catalpa fruit","ev:E00077"
"Catharsius","ev:E00243"
"Catharsius molossus","ev:E00243"
"Cayenne papper","ev:E00014"
"Cedarleaf oil","ev:E00656"
"Cedarwood oil","ev:E00657"
"Cedarwood oil","ev:E00714"
"Celosia argentea seed","ev:E00445"
"Celosia flower cluster","ev:E00486"
"Celosiae flos","ev:E00486"
"Celosiae semen","ev:E00445"
"Centipede","ev:E00528"
"Cervus male sex organ","ev:E00332"
"Cetraria","ev:E00757"
"Chaenomeles sinensis fruit","ev:E00214"
"Chaenomeles speciosa fruit","ev:E00662"
"Chamomile","ev:E00322"
"Chamomile oil","ev:E00724"
"Chamomillae flos","ev:E00322"
"Changium smyrnioides root","ev:E00599"
"Chaste berry","ev:E00789"
"Chaste tree fruit","ev:E00789"
"Chayo","ev:E00254"
"Chebulae fructus","ev:E00206"
"Chenopodium album fruit","ev:E00708"
"Chenopodium ficifolium fruit","ev:E00709"
"Cherry bark","ev:E00190"
"Cherry bark extract","ev:E00011"
"Chicken liver","ev:E00860"
"Chicken stomach lining","ev:E00525"
"Chimonanthi flos","ev:E00489"
"Chimonanthus praecox flower bud","ev:E00489"
"Chinese angelica root","ev:E00320"
"Chinese cinnamon oil","ev:E00650"
"Chinese cnidium rhizome","ev:E00321"
"Chinese lobelia","ev:E00305"
"Chlorella","ev:E00856"
"Chlorite schist","ev:E00548"
"Chrysanthemum cinerariaefolium extract","ev:E00185"
"Chrysanthemum flower","ev:E00076"
"Chrysanthemum lavandulaefolium capitulum","ev:E00683"
"Chrysomya megacephala larva","ev:E00533"
"Chrysomyae vermiculus","ev:E00533"
"Cibotium barometz rhizome","ev:E00416"
"Cicada flammata larva","ev:E00507"
"Cicada larva exuvia","ev:E00197"
"Cicada slough","ev:E00197"
"Cicadae periostracum","ev:E00197"
"Cimicifuga rhizome","ev:E00116"
"Cimicifuga rhizome","ev:E00696"
"Cinamomi ramulus","ev:E00249"
"Cinchona bark","ev:E00257"
"Cinnamomum burmannii bark","ev:E00118"
"Cinnamomum obtusifolium bark","ev:E00052"
"Cinnamomum sieboldii bark","ev:E00183"
"Cinnamomum zeylanicum bark","ev:E00566"
"Cinnamon bark","ev:E00084"
"Cinnamon bark oil","ev:E00085"
"Cinnamon branch","ev:E00249"
"Cinnamon fruit","ev:E00032"
"Cinnamon leaf oil","ev:E00733"
"Cinnamon oil","ev:E00085"
"Cinnamon oil","ev:E00650"
"Cinnamon twig","ev:E00249"
"Cirsium radix","ev:E00620"
"Cirsium root","ev:E00703"
"Cirsium root rhizome or herb","ev:E00430"
"Cistanche stem","ev:E00342"
"Cistus oil","ev:E00671"
"Citri unshiu pericarpium immaturus","ev:E00338"
"Citron","ev:E00266"
"Citronella oil","ev:E00557"
"Citronella oil","ev:E00715"
"Citrus immature fruit and fruit peel","ev:E00338"
"Citrus medica flower","ev:E00622"
"Citrus medica fruit peel","ev:E00441"
"Citrus peel","ev:E00194"
"Citrus unshiu peel","ev:E00134"
"Civet","ev:E00849"
"Clary sage oil","ev:E00659"
"Clematis root","ev:E00068"
"Clerodendrum canescens root","ev:E00610"
"Clerodendrum trichotomum root","ev:E00609"
"Clerodendrum yunnanense root","ev:E00611"
"Clove","ev:E00018"
"Clove fruit","ev:E00315"
"Clove oil","ev:E00182"
"Cnidium monnieri fruit","ev:E00111"
"Cnidium officinale rhizome","ev:E00119"
"Cnidium rhizome","ev:E00119"
"Coca leaf","ev:E00398"
"Codonopsis root","ev:E00298"
"Coffee","ev:E00843"
"Coicis fructus cum involucris","ev:E00845"
"Coix extract","ev:E00167"
"Coix fruit with involucre","ev:E00845"
"Coix seed","ev:E00167"
"Colchicum bulb","ev:E00399"
"Colchicum seed","ev:E00399"
"Colofonium","ev:E00172"
"Coltsfoot","ev:E00778"
"Colubridae slough","ev:E00517"
"Colubridae slough","ev:E00646"
"Comfrey","ev:E00779"
"Common mallow","ev:E00763"
"Common rush","ev:E00299"
"Conandri herba","ev:E00468"
"Conandron ramondioides herb","ev:E00468"
"Condurango","ev:E00098"
"Condurango extract","ev:E00029"
"Condurango fluidextract","ev:E00029"
"Conker tree","ev:E00812"
"Coptis rhizome","ev:E00001"
"Cordyceps sinensis","ev:E00300"
"Coriander oil","ev:E00661"
"Coriandrum sativum fruit","ev:E00269"
"Coriandrum sativum herb","ev:E00551"
"Corn silk","ev:E00329"
"Corni fructus pulveratus","ev:E00103"
"Cornus fruit","ev:E00103"
"Corydalis bungeana herb","ev:E00628"
"Corydalis tuber","ev:E00060"
"Cowberry leaf","ev:E00334"
"Cowslip","ev:E00809"
"Cranberry","ev:E00775"
"Crataegi fructus","ev:E00195"
"Crataegus fruit","ev:E00195"
"Croton seed","ev:E00368"
"Crude glycyrrhiza extract","ev:E00177"
"Cubrbae fructus","ev:E00449"
"Cucubalus baccifer root","ev:E00694"
"Curare","ev:E00397"
"Curculigo rhizome","ev:E00316"
"Curcuma aeruginosa tuberous root","ev:E00655"
"Curcuma kwangsiensis rhizome","ev:E00658"
"Curcuma longa tuberous root","ev:E00651"
"Curcuma tuberous root","ev:E00654"
"Curcuma wenyujin rhizome","ev:E00652"
"Curcuma wenyujin tuberous root","ev:E00653"
"Cuscuta seed","ev:E00301"
"Cuttlefish oracle bones","ev:E00521"
"Cyathula capitata root","ev:E00691"
"Cyathula officinalis root","ev:E00690"
"Cylindrical Cinnamon bark","ev:E00567"
"Cynanchi stauntoni rhizoma et radix","ev:E00414"
"Cynanchum root","ev:E00369"
"Cynanchum root and rhizome","ev:E00414"
"Cynomorium herb","ev:E00274"
"Cyperus rhizome","ev:E00091"
"Cypraeae concha","ev:E00522"
"Cypraeidae shell","ev:E00522"
"Daemonorops draco resin","ev:E00383"
"Dandelion","ev:E00788"
"Daphne flower bud","ev:E00370"
"Dark male donkey sex organ","ev:E00866"
"Daturae folium","ev:E00859"
"Daucus carota fruit","ev:E00455"
"Dayflower","ev:E00292"
"Deer velvet","ev:E00319"
"Dendrobium","ev:E00284"
"Dendrobium chrysanthum stem","ev:E00751"
"Descurainia seed","ev:E00293"
"Desmodii herba","ev:E00471"
"Desmodium styracifolium herb","ev:E00471"
"Devil's claw","ev:E00792"
"Dextran sulfate cellulose","ev:E00853"
"Dianthus above ground part","ev:E00264"
"Dianthus herb","ev:E00582"
"Dichroa febrifuga root","ev:E00426"
"Dichroae radix","ev:E00426"
"Dictamnus root bark","ev:E00303"
"Digenea","ev:E00161"
"Digitalis","ev:E00230"
"Dioscorea bulbifera tuber","ev:E00371"
"Dioscorea hypoglauca Dioscorea tokoro rhizome","ev:E00306"
"Dioscorea nipponica root","ev:E00614"
"Dioscorea rhizome","ev:E00106"
"Dioscorea septemloba Dioscorea futschauensis rhizome","ev:E00583"
"Dipsacus asperoides root","ev:E00324"
"Dodder seed","ev:E00301"
"Dokkatsu","ev:E00186"
"Dolichos seed","ev:E00179"
"Donkey glue","ev:E00189"
"Dracaena resin","ev:E00739"
"Dragon's blood","ev:E00836"
"Dried egg yolk powder","ev:E00865"
"Drynaria rhizome","ev:E00424"
"Drynariae rhizoma","ev:E00424"
"Dryobalanops aromatica resin","ev:E00550"
"Dryopteris Athyrium rhizome","ev:E00425"
"Earthworm","ev:E00209"
"Echinacea","ev:E00764"
"Echinops grijisii root","ev:E00618"
"Echinops latifolius root","ev:E00428"
"Eclipta prostrata herb","ev:E00384"
"Egg yolk","ev:E00865"
"Elder","ev:E00285"
"Elder flowers","ev:E00765"
"Eleuthero","ev:E00180"
"Eleutherococcus senticosus rhizome","ev:E00180"
"Elfvingia","ev:E00509"
"Elsholtzia herb","ev:E00385"
"Ephedra herb","ev:E00160"
"Epimedium herb","ev:E00174"
"Equisetum herb","ev:E00386"
"Eretmochelyos carapax","ev:E00520"
"Eretmochelys imbricata carapace","ev:E00520"
"Eriocaulon capitulum","ev:E00638"
"Eriocaulon herb","ev:E00490"
"Erionite","ev:E00838"
"Erythrina indica bark","ev:E00387"
"Eucalayptus","ev:E00825"
"Eucalyptus oil","ev:E00044"
"Eucommia bark","ev:E00140"
"Eupatorium fortunei herb","ev:E00752"
"Eupatorium herb","ev:E00754"
"Euphorbia helioscopia stem and leaf","ev:E00393"
"Euphorbia herb","ev:E00634"
"Euphorbia kansui radix","ev:E00388"
"Euphorbia kansui root","ev:E00388"
"Euphorbia lathyris seed","ev:E00443"
"Euphorbia pekinensis root","ev:E00595"
"Euphorbia root","ev:E00602"
"Euphorbiae lathyridis semen","ev:E00443"
"Eupolyphaga","ev:E00527"
"Euryale ferox seed","ev:E00451"
"Euryales semen","ev:E00451"
"Evening promrose","ev:E00761"
"Evodia fruit","ev:E00002"
"Exsiccated gypsum","ev:E00181"
"Extract of wild cherry","ev:E00570"
"Faeces leporum","ev:E00511"
"Fennel","ev:E00057"
"Fennel oil","ev:E00023"
"Fennel oil bitter","ev:E00023"
"Fenugreek seed","ev:E00273"
"Ferula assa-foetida resin","ev:E00502"
"Feverfew","ev:E00805"
"Ficis pumilae caulis","ev:E00501"
"Ficus pumila leaf and stem","ev:E00501"
"Firmiana platanifolia seed","ev:E00453"
"Firmianae semen","ev:E00453"
"Flaxseed","ev:E00446"
"Fluorite","ev:E00540"
"Flying squirrel feces","ev:E00272"
"Forsythia fruit","ev:E00034"
"Foxtail millet seed","ev:E00863"
"Frankincense","ev:E00682"
"Frankincense","ev:E00716"
"Fresh-water turtle plastron","ev:E00263"
"Fritillaria bulb","ev:E00144"
"Gaiyo","ev:E00191"
"Galbanum oil","ev:E00663"
"Galla halepensis","ev:E00506"
"Galli stomachichum corium","ev:E00525"
"Gallnut","ev:E00271"
"Gambir","ev:E00053"
"Ganoderma applanatum fruit body","ev:E00509"
"Ganoderma lucidum fruit body","ev:E00389"
"Gardenia fruit","ev:E00102"
"Garlic","ev:E00769"
"Gastrodia tuber","ev:E00135"
"Gecko","ev:E00267"
"Gentian","ev:E00088"
"Gentiana lourerii herb","ev:E00629"
"Gentiana macrophylla root","ev:E00280"
"Gentianae macrophyllae radix","ev:E00280"
"Geranium herb","ev:E00026"
"Geranium oil","ev:E00556"
"German chamomile","ev:E00781"
"German chamomile flower","ev:E00322"
"Germinated barley","ev:E00255"
"Ginger","ev:E00115"
"Ginger oil","ev:E00664"
"Ginkgo","ev:E00760"
"Ginseng","ev:E00790"
"Glauberite","ev:E00545"
"Glauberitum","ev:E00545"
"Glechoma hederacea herb","ev:E00331"
"Gleditsia sinensis fruit","ev:E00621"
"Gleditsia sinensis seed","ev:E00433"
"Gleditsia sinensis spine","ev:E00499"
"Gleditsiae spina","ev:E00499"
"Glehnia root","ev:E00147"
"Globe artichoke","ev:E00756"
"Glochidion shaft","ev:E00750"
"Glycyrrhiza","ev:E00027"
"Glycyrrhiza extract","ev:E00177"
"Glycyrrhizae radix","ev:E00027"
"Goldenseal","ev:E00777"
"Goma","ev:E00252"
"Granati cortex","ev:E00495"
"Grape seed","ev:E00776"
"Grapefruit","ev:E00839"
"Grapefruit juice","ev:E00839"
"Grapefruit oil","ev:E00560"
"Gratati radix cortex","ev:E00495"
"Grinded paste of Ulmus macrocarpia key fruit with flower and leaf","ev:E00505"
"Guarana","ev:E00771"
"Gypsum","ev:E00006"
"Haliotis shell","ev:E00356"
"Halloysitum rubrum","ev:E00541"
"Hawthorn","ev:E00813"
"Heath","ev:E00803"
"Heather","ev:E00803"
"Hedysarum root","ev:E00852"
"Hematite","ev:E00327"
"Hematophagous tabanid","ev:E00531"
"Hemp fruit","ev:E00162"
"Hibiscus syriacus bark","ev:E00348"
"Hippocampus","ev:E00297"
"Hirudo","ev:E00510"
"Holotrichia larva","ev:E00534"
"Holotrichiae vermiculus","ev:E00534"
"Homalomena rhizome","ev:E00410"
"Homalonemae rhizoma","ev:E00410"
"Hominis placenta","ev:E00524"
"Honey","ev:E00146"
"Honey purified","ev:E00146"
"Hop strobile","ev:E00846"
"Hordei fructus germinatus","ev:E00255"
"Horse chestnut","ev:E00812"
"Horsetail","ev:E00782"
"Houttuynia herb","ev:E00113"
"Hovenia dulcis fruit or seed","ev:E00447"
"Hoveniae semen seu fructus","ev:E00447"
"Huechys","ev:E00530"
"Human placenta","ev:E00524"
"Hydnocarpi semen","ev:E00431"
"Hydnocarpus anthelmintica seed","ev:E00431"
"Hydrangea root","ev:E00612"
"Hydrated halloysite","ev:E00192"
"Hydrozincitum","ev:E00539"
"Hypericum ascyron herb","ev:E00740"
"Hypericum herb","ev:E00326"
"Iceland lichen","ev:E00757"
"Iceland moss","ev:E00757"
"Immature citrus unshiu peel","ev:E00338"
"Immature orange","ev:E00078"
"Imperata rhizome","ev:E00156"
"Indian long pepper fruit","ev:E00307"
"Indicae mastiche","ev:E00504"
"Indigo","ev:E00363"
"Indigofera root","ev:E00666"
"Inula flower","ev:E00287"
"Inula root","ev:E00328"
"Ipe Roxo","ev:E00799"
"Ipecac","ev:E00021"
"Iridis semen","ev:E00462"
"Iris pallasii seed","ev:E00462"
"Isatis root","ev:E00362"
"Isodon herb","ev:E00215"
"Ispaghula","ev:E00046"
"Jaborandi leaf","ev:E00402"
"Japanese angelica root","ev:E00138"
"Japanese gentian","ev:E00169"
"Japanese valerian","ev:E00072"
"Japanese yew","ev:E00848"
"Jasmine oil","ev:E00552"
"Java tea","ev:E00774"
"Jujube","ev:E00128"
"Jujube seed","ev:E00105"
"Juniper oil","ev:E00668"
"Kaempferia galanga rhizome","ev:E00353"
"Kaki calyx","ev:E00203"
"Kalopanax pictus bark","ev:E00745"
"Karonin","ev:E00193"
"Kasseki","ev:E00192"
"Kava","ev:E00770"
"Keishi","ev:E00249"
"KINO","ev:E00747"
"Kippi","ev:E00194"
"Knoxia valerianoides root","ev:E00408"
"Kobei","ev:E00251"
"Kochia scoparia fruit","ev:E00364"
"Kochia sieversiana fruit","ev:E00707"
"Koi","ev:E00250"
"La Pacho","ev:E00799"
"Labdanum oil","ev:E00671"
"Lapis chloriti","ev:E00548"
"Lappula echinata fruit","ev:E00626"
"Lard","ev:E00042"
"Large gentian root","ev:E00280"
"Lavandin oil","ev:E00555"
"Lavender","ev:E00827"
"Lavender oil","ev:E00554"
"Lavender oil spike","ev:E00729"
"Leech","ev:E00510"
"Lemon balm","ev:E00831"
"Lemon grass","ev:E00830"
"Lemon oil","ev:E00240"
"Lemon tincture","ev:E00240"
"Lemon verbena","ev:E00811"
"Leonuri herba","ev:E00201"
"Leonurus fruit","ev:E00706"
"Leonurus herb","ev:E00201"
"Lepidium seed","ev:E00293"
"Lepisori herba","ev:E00480"
"Lepisorus herb","ev:E00480"
"Leporidae feces","ev:E00511"
"Licopi herba","ev:E00472"
"Licorice","ev:E00027"
"Ligustici rhizoma","ev:E00223"
"Ligusticum root and rhizome","ev:E00223"
"Ligusticum sinense rhizome","ev:E00675"
"Ligusticum sinese rhizome","ev:E00223"
"Ligusticum tenuissimum root and rhizome","ev:E00676"
"Ligustrum lucidum fruit","ev:E00337"
"Lilium bulb","ev:E00187"
"Lily bulb","ev:E00187"
"Lime oil","ev:E00558"
"Lime tree flower","ev:E00828"
"Limonit","ev:E00542"
"Limonitum","ev:E00542"
"Linden flower","ev:E00828"
"Lindera root","ev:E00070"
"Lini semen","ev:E00446"
"Linum usitatissimum seed","ev:E00446"
"Liquidambar formosana fruit","ev:E00365"
"Liquidambar formosana fruit resin","ev:E00589"
"Liquidambar orientalis balsam","ev:E00503"
"Liquorice","ev:E00027"
"Litchi chinensis seed","ev:E00440"
"Litchi semen","ev:E00440"
"Lithospermum root","ev:E00035"
"Loess","ev:E00549"
"Longan aril","ev:E00202"
"Longan arillus","ev:E00202"
"Longgu","ev:E00168"
"Lonicera flower","ev:E00207"
"Lonicera flower bud","ev:E00207"
"Lonicera leaf and stem","ev:E00143"
"Lonicerae flos","ev:E00207"
"Lophatherum gracile herb","ev:E00484"
"Loquat leaf","ev:E00151"
"Lumbricus","ev:E00209"
"Luppuli strobilus","ev:E00846"
"Lycii folium","ev:E00323"
"Lycium bark","ev:E00108"
"Lycium fruit","ev:E00081"
"Lycium leaf","ev:E00323"
"Lycopus lucidus herb","ev:E00472"
"Lycoris radiata bulb","ev:E00851"
"Lysimachia foenum-graecum herb","ev:E00477"
"Lysimachiae herba","ev:E00477"
"Maca","ev:E00816"
"Macrotomiae radix","ev:E00035"
"Madagascar periwinkle","ev:E00404"
"Madder root","ev:E00286"
"Magnetite","ev:E00277"
"Magnolia bark","ev:E00092"
"Magnolia denudata flower bud","ev:E00565"
"Magnolia flower","ev:E00117"
"Magnolia flower bud","ev:E00117"
"Magnolia salicifolia flower bud","ev:E00564"
"Maidenhair tree","ev:E00760"
"Maitake","ev:E00815"
"Male seal sex organ","ev:E00296"
"Mallotus bark","ev:E00033"
"Mallow flowers","ev:E00763"
"Malt","ev:E00255"
"Malt extract","ev:E00041"
"Malt extract","ev:E00250"
"Manis pentadactyla cuirass","ev:E00377"
"Mantidae mantis egg-case","ev:E00288"
"Margarita","ev:E00523"
"Margosa","ev:E00793"
"Marigold","ev:E00772"
"Marshmallow","ev:E00817"
"Maypop","ev:E00801"
"Medicated leaven","ev:E00279"
"Melastoma candidum shaft and root","ev:E00749"
"Melia bark","ev:E00265"
"Melia fruit","ev:E00317"
"Meliae fructus","ev:E00317"
"Melilot","ev:E00823"
"Melilot extract","ev:E00016"
"Melilotus suaveolens fruit","ev:E00710"
"Menispermum dauricum rhizome","ev:E00665"
"Mentha herb","ev:E00045"
"Mentha oil","ev:E00048"
"Mica mineral clay","ev:E00541"
"Milfoil","ev:E00824"
"Milk","ev:E00842"
"Milk thistle","ev:E00822"
"Millettia dielsiana stem","ev:E00640"
"Millettia nitida stem","ev:E00639"
"Mistletoe","ev:E00821"
"Momordica cochinchinensis seed","ev:E00435"
"Momordica grosvenori fruit","ev:E00463"
"Momordicae fructus","ev:E00463"
"Momordicae semen","ev:E00435"
"Monodon monoceros maxillary incisor","ev:E00643"
"Mori fructus","ev:E00456"
"Morinda root","ev:E00304"
"Morus alba shoot","ev:E00394"
"Morus alba syncarp","ev:E00456"
"Morus leaf","ev:E00366"
"Moutan bark","ev:E00158"
"Mulberry","ev:E00819"
"Mulberry bark","ev:E00124"
"Mullein","ev:E00820"
"Mume flos","ev:E00488"
"Mume fructus","ev:E00218"
"Musk","ev:E00278"
"Mussaenda root","ev:E00608"
"Mylabris","ev:E00532"
"Myrica bark","ev:E00212"
"Myrica rubra bark","ev:E00212"
"Myricae cortex","ev:E00212"
"Myricae cortex pulveratus","ev:E00212"
"Myristicae semen","ev:E00219"
"Myrobalan","ev:E00206"
"Myrobalan fruit","ev:E00206"
"Myrrh","ev:E00313"
"Myrrh oil","ev:E00677"
"Nandina fruit","ev:E00217"
"Nandinae fructus","ev:E00217"
"Nardostachys root","ev:E00262"
"Nardostachytis rhizoma","ev:E00262"
"Natto","ev:E00857"
"Neem","ev:E00793"
"Nelumbinis stamen","ev:E00494"
"Nelumbo leaf","ev:E00367"
"Nelumbo nucifera stamen","ev:E00494"
"Nelumbo seed","ev:E00171"
"Neroli oil","ev:E00553"
"Nettle","ev:E00795"
"Ningpo figwort root","ev:E00204"
"Notopterygium rhizome","ev:E00079"
"Nuphar rhizome","ev:E00120"
"Nutmeg","ev:E00219"
"Nutmeg oil","ev:E00680"
"Nux vomica","ev:E00028"
"Nux vomica extract","ev:E00184"
"Nux vomica tincture","ev:E00050"
"Oak bark","ev:E00200"
"Oakmoss oil","ev:E00681"
"Oats","ev:E00766"
"Ocimum herb","ev:E00633"
"Ohi","ev:E00190"
"Olibanum oil","ev:E00682"
"Olibanum oil","ev:E00716"
"Olive","ev:E00767"
"Omphalia","ev:E00508"
"Ophiopogon tuber","ev:E00145"
"Opium","ev:E00017"
"Opium tincture","ev:E00233"
"Orange flower oil","ev:E00553"
"Orange flowers","ev:E00768"
"Orange oil","ev:E00039"
"Orange peel bitter","ev:E00031"
"Orange peel tincture","ev:E00051"
"Orange peel tincture sweet","ev:E00051"
"Oregano oil Spanish","ev:E00687"
"Oriental arborvitae kernel","ev:E00302"
"Oriental bezoar","ev:E00093"
"Origanum oil","ev:E00687"
"Orixa japonica root","ev:E00607"
"Oroxyli semen","ev:E00461"
"Oroxylum indicum seed","ev:E00461"
"Orpiment","ev:E00543"
"Orpimentum","ev:E00543"
"Orris oil","ev:E00717"
"Osbeckia chinensis herb","ev:E00631"
"Osmanthus","ev:E00718"
"Osmorhiza rhizome","ev:E00226"
"Osmorhizae rhizoma","ev:E00226"
"Osmunda rhizome","ev:E00604"
"Otogiriso","ev:E00326"
"Ottelia alismoides herb","ev:E00469"
"Otteliae herba","ev:E00469"
"Oyster shell","ev:E00159"
"Palmarosa oil","ev:E00719"
"Panacis notoginseng radix","ev:E00372"
"Panax ginseng root","ev:E00142"
"Panax notoginseng root","ev:E00372"
"Panax quinquefolius root","ev:E00406"
"Panax rhizome","ev:E00130"
"Paraguay tea","ev:E00818"
"Passiflora extact","ev:E00258"
"Passionflower","ev:E00801"
"Patchouli oil","ev:E00720"
"Patrinia villosa root","ev:E00373"
"Pau D'Arco","ev:E00799"
"Peach kernel","ev:E00139"
"Pearl","ev:E00523"
"Pelargonium root","ev:E00835"
"Penthorum chinense herb","ev:E00753"
"Peony root","ev:E00110"
"Peppermint","ev:E00045"
"Peppermint","ev:E00810"
"Peppermint oil","ev:E00241"
"Perilla fruit","ev:E00224"
"Perilla frutescens fruit","ev:E00224"
"Perilla herb","ev:E00126"
"Perillae fructus","ev:E00224"
"Periploca sepium root bark","ev:E00374"
"Persimmon calyx","ev:E00203"
"Persimmon calyx","ev:E00203"
"Petitgrain bigarade oil","ev:E00721"
"Petitgrain oil","ev:E00721"
"Peucedani radix","ev:E00196"
"Peucedanum root","ev:E00196"
"Pharagmitis rhizoma","ev:E00417"
"Pharbitis seed","ev:E00087"
"Phaseoli semen","ev:E00450"
"Phellodendron bark","ev:E00063"
"Phlomis maximowiczii Lamium album root","ev:E00702"
"Phlomis umbrosa root","ev:E00701"
"Photinia serrulata leaf","ev:E00482"
"Phragmites communis rhizome and stem","ev:E00417"
"Phyllostachys leaf","ev:E00636"
"Physalis alkekengi root and rhizoma","ev:E00429"
"Physalitis rhizoma et radix","ev:E00429"
"Phytolacca esculenta root","ev:E00392"
"Picrasma wood","ev:E00141"
"Picrorhiza rhizome","ev:E00375"
"Pimento berry oil","ev:E00722"
"Pine oil","ev:E00723"
"Pinellia tuber","ev:E00148"
"Piper cubeba fruit","ev:E00449"
"Piper wallichii stem with leaf","ev:E00497"
"Piperis wallichii caulis","ev:E00497"
"Pistacia khinjuk gum resin","ev:E00504"
"Pistiae herba","ev:E00475"
"Plant worm","ev:E00300"
"Plantago herb","ev:E00112"
"Plantago herb extract","ev:E00248"
"Plantago seed","ev:E00046"
"Platycladus orientalis branch","ev:E00376"
"Platycodon fluidextract","ev:E00178"
"Platycodon root","ev:E00075"
"Platypleura kaempferi larva","ev:E00642"
"Plau-noi","ev:E00405"
"Plectranthi herba","ev:E00215"
"Pleione pseudobulb","ev:E00409"
"Podophyllum","ev:E00231"
"Podophylum rhizome","ev:E00231"
"Pogostemon herb","ev:E00188"
"Poison oak extract","ev:E00043"
"Polistes Vespa and Vespula nest","ev:E00535"
"Polyethylene terephthalate","ev:E00855"
"Polygala japonica herb","ev:E00630"
"Polygala root","ev:E00064"
"Polygonati odorati rhizoma","ev:E00352"
"Polygonatum rhizome","ev:E00176"
"Polygonum cuspidatum root","ev:E00268"
"Polygonum herb","ev:E00478"
"Polygonum root","ev:E00071"
"Polyporus mylittae sclerotium","ev:E00508"
"Polyporus sclerotium","ev:E00133"
"Poria sclerotium","ev:E00153"
"Porites nigrescens skeleton","ev:E00547"
"Portulaca oleracea herb","ev:E00467"
"Portulacae herba","ev:E00467"
"Potentilla chinensis herb or root","ev:E00755"
"Potentilla discolor herb","ev:E00473"
"Potentilla paradoxa herb","ev:E00741"
"Prepared soybean","ev:E00282"
"Primrosa","ev:E00809"
"Prinsepia uniflora putamen","ev:E00460"
"Prinsepiae semen","ev:E00460"
"Processed aconitum carmicha daughter root","ev:E00154"
"Processed aconitum carmicha daughter root","ev:E00572"
"Processed aconitum carmicha daughter root","ev:E00573"
"Processed aconitum carmicha daughter root","ev:E00574"
"Processed aconitum japonicum tuberous root","ev:E00579"
"Processed changium smyrnioides root","ev:E00421"
"Processed ginger","ev:E00074"
"Processed panax ginseng root","ev:E00672"
"Protohermes grandis larva","ev:E00536"
"Protohermis vermiculus","ev:E00536"
"Prunella spike","ev:E00065"
"Pruni jamasakura cortex","ev:E00190"
"Prunus humilis Prunus japonica seed","ev:E00442"
"Prunus mume","ev:E00218"
"Prunus mume flower bud","ev:E00488"
"Prunus tomentosa Prunus triloba seed","ev:E00623"
"Pseudolari cortex","ev:E00496"
"Pseudolarix kaempferi bark","ev:E00496"
"Pseudostellaria heterophylla tuberous root","ev:E00412"
"Pseudostellariae radix","ev:E00412"
"Psoralea seed","ev:E00330"
"Psylla","ev:E00780"
"Pterocarpus resin","ev:E00747"
"Pueraria flower","ev:E00487"
"Pueraria root","ev:E00067"
"Puerariae flos","ev:E00487"
"Pulsatilla root","ev:E00378"
"Pulsatillae radix","ev:E00378"
"Pumice stone","ev:E00546"
"Pumpkin seed","ev:E00802"
"Punica granatum bark or root bark","ev:E00495"
"Punica granatum fruit peel","ev:E00379"
"Pyrethrum extract","ev:E00185"
"Pyrola herb","ev:E00476"
"Pyrola herb","ev:E00632"
"Pyrolae herba","ev:E00476"
"Pyrrosia leaf","ev:E00283"
"Querci folium","ev:E00485"
"Quercus acutissima bark","ev:E00200"
"Quercus bark","ev:E00200"
"Quercus cortex","ev:E00200"
"Quercus infectoria galls","ev:E00506"
"Quercus salicina extract","ev:E00020"
"Quercus salicina leaf","ev:E00485"
"Quisqualis fruit","ev:E00276"
"Rabdosia herb","ev:E00215"
"Rangoon creeper fruit","ev:E00276"
"Raphanus sativus seed","ev:E00380"
"Raspberry","ev:E00837"
"Raspberry leaf","ev:E00826"
"Rauwolfia extract","ev:E00232"
"Rauwolfia serpentina","ev:E00232"
"Realgar","ev:E00544"
"Red ginseng","ev:E00090"
"Red ginseng","ev:E00090"
"Red ginseng","ev:E00673"
"Red sorrel","ev:E00798"
"Rehmannia root","ev:E00107"
"Rehmanniae radix","ev:E00107"
"Rehmanniae radix pulverata","ev:E00107"
"Resina pistacia","ev:E00504"
"Rhaponticum uniflorum root","ev:E00617"
"Rheum compactum Rheum franzenbachii, Rheum collinianum rhizome","ev:E00688"
"Rheum coreanum rhizome","ev:E00679"
"Rheum emodi Rheum spiciforme rhizome","ev:E00686"
"Rheum officinale rhizome","ev:E00678"
"Rheum palmatum Rheum tanguticum rhizome","ev:E00127"
"Rheum rhaponticum rhizome","ev:E00685"
"Rheum undulatum rhizome","ev:E00684"
"Rhinoceros bicornis Rhinoceros simus, Rhinoceros sumatrensis horn","ev:E00588"
"Rhinoceros unicornis Rhinoceros sondaicus horn","ev:E00336"
"Rhizoma anemone","ev:E00407"
"Rhododendron leaf","ev:E00635"
"Rhus verniciflua tree sap","ev:E00381"
"Rice starch","ev:E00040"
"Ricini semen","ev:E00452"
"Ricinus communis seed","ev:E00452"
"Roman chamomile oil","ev:E00724"
"Rooibos","ev:E00829"
"Rosa laevigata fruit","ev:E00382"
"Rosa rugosa flower bud","ev:E00492"
"Rosae rugosae flos","ev:E00492"
"Rose","ev:E00832"
"Rose fruit","ev:E00059"
"Rose hip","ev:E00833"
"Rose oil","ev:E00242"
"Rose otto","ev:E00242"
"Rosemary","ev:E00834"
"Rosemary oil","ev:E00725"
"Rosewood oil","ev:E00247"
"Rosin","ev:E00172"
"Rosskastanien extract","ev:E00261"
"Rubia root","ev:E00286"
"Rush","ev:E00299"
"Ryuganniku","ev:E00202"
"Saccharum granorum","ev:E00250"
"Safflower","ev:E00089"
"Saffron","ev:E00003"
"Sage","ev:E00783"
"Sage oil","ev:E00726"
"Sage oil","ev:E00738"
"Saicha","ev:E00254"
"Saiga tatarica horn","ev:E00514"
"Salvia root","ev:E00290"
"Sandalwood","ev:E00309"
"Sandalwood oil","ev:E00727"
"Sangre de Dragon","ev:E00836"
"Sanguisorba root","ev:E00291"
"Sanguisorbae radix","ev:E00291"
"Santonica","ev:E00400"
"Sanzashi","ev:E00195"
"Saposhnikovia root","ev:E00157"
"Sappan wood","ev:E00125"
"Sargassum herb","ev:E00333"
"Sargentodoxa cuneata stem","ev:E00641"
"Saussurea root","ev:E00164"
"Saw palmetto","ev:E00785"
"Saxifraga stolonifera herb","ev:E00350"
"Schisandra fruit","ev:E00096"
"Schizonepeta spike","ev:E00083"
"Scilla scilloides bulb","ev:E00615"
"Scolopendra","ev:E00528"
"Scopolia extract","ev:E00022"
"Scopolia rhizome","ev:E00173"
"Scorpion","ev:E00512"
"Scrophularia root","ev:E00204"
"Scroplulariae radix","ev:E00204"
"Scutellaria barbata herb","ev:E00390"
"Scutellaria root","ev:E00062"
"Sea kelp","ev:E00806"
"Seahorse","ev:E00297"
"Selaginella tamariscina herb","ev:E00474"
"Selaginellae herba","ev:E00474"
"Semiaquilegia adoxoides root","ev:E00411"
"Semiaquilegiae radix","ev:E00411"
"Senega","ev:E00024"
"Senna","ev:E00012"
"Senna extract","ev:E00012"
"Senna fruit","ev:E00227"
"Senna leaf","ev:E00122"
"Senna pods","ev:E00227"
"Sennae fructus","ev:E00227"
"Sepia esculenta Hoyle","ev:E00521"
"Sepiae os","ev:E00521"
"Serratula chinensis rhizome","ev:E00697"
"Sesame","ev:E00252"
"Sesami semen","ev:E00252"
"Setariae semen","ev:E00863"
"Shobaku","ev:E00253"
"Shrub chaste tree fruit","ev:E00213"
"Siberian ginseng","ev:E00180"
"Sichuan-pepper","ev:E00295"
"Silene herb","ev:E00748"
"Silkworm feces","ev:E00529"
"Sinomenium stem","ev:E00155"
"SJW","ev:E00784"
"Smilax rhizome","ev:E00101"
"Soft shell turtle carapace","ev:E00225"
"Solegnathus hardwickii","ev:E00518"
"Somali myrrh","ev:E00313"
"Sonchus brachyotus herb","ev:E00591"
"Sonchus oleraceus Ixeris chinensis, Paraixeris denticulata herb","ev:E00592"
"Sophora japoinca flower","ev:E00221"
"Sophora japonica flower bud","ev:E00221"
"Sophora root","ev:E00082"
"Sophora subprostrata root","ev:E00222"
"Sophorae flos","ev:E00221"
"Sophorae subprostratae radix","ev:E00222"
"Soy bean","ev:E00786"
"Sparganium tuber","ev:E00275"
"Spatholobus suberectus Mucuna birdwoodiana stem","ev:E00498"
"Spearmint oil","ev:E00728"
"Speranskia herb","ev:E00361"
"Sphaeropteris lepifera rhizome","ev:E00606"
"Spike oil","ev:E00729"
"Spirodela polyrrhiza herb","ev:E00475"
"Spiroelae herba","ev:E00475"
"Sprouted soybeans","ev:E00341"
"St. John's wort","ev:E00784"
"Star anise","ev:E00289"
"Star anise oil","ev:E00236"
"Star anise oil","ev:E00713"
"Starch rice","ev:E00040"
"Stellaria dichotoma root","ev:E00422"
"Stellaria media herb","ev:E00466"
"Stellariae herba","ev:E00466"
"Stellera chamaejasme root","ev:E00601"
"Stemona root","ev:E00415"
"Stemonae radix","ev:E00415"
"Stephaura cepharantha Hayata extraction alkaloid","ev:E00260"
"Sterculia seed","ev:E00448"
"Sterculiae semen","ev:E00448"
"Stiff silkworm","ev:E00308"
"Stinging nettle","ev:E00795"
"Stink bug","ev:E00537"
"Strobilanthes nemorosus root","ev:E00695"
"Struthiopteris niponica rhizome","ev:E00605"
"Styrax","ev:E00503"
"Styrax liquidus","ev:E00503"
"Sumac gallnut","ev:E00271"
"Sweet almond oil","ev:E00235"
"Sweet basil oil","ev:E00244"
"Sweet hydrangea leaf","ev:E00054"
"Swertia herb","ev:E00030"
"Syngnathoides biaculeatus","ev:E00647"
"Syngnathus acus","ev:E00648"
"Tabanus","ev:E00531"
"Tagetes oil","ev:E00730"
"Talc","ev:E00711"
"Talcum crystallinum","ev:E00192"
"Taraxacum root","ev:E00346"
"Tea tree","ev:E00791"
"Tennansho","ev:E00199"
"Termeric","ev:E00069"
"Terra flava usta","ev:E00549"
"Tetragoniae herba","ev:E00470"
"Tetrapanax papyriferus stem","ev:E00395"
"Theae folium","ev:E00254"
"Thlaspi arvense herb","ev:E00590"
"Thorn apple leaf","ev:E00859"
"Thuja oil","ev:E00656"
"Thyme","ev:E00787"
"Thyme oil","ev:E00731"
"Tiger beetle","ev:E00532"
"Tiger skeleton","ev:E00526"
"Tigridis os","ev:E00526"
"Tikujyo","ev:E00198"
"Tinospora tuberous root","ev:E00418"
"Tinosporae radix","ev:E00418"
"Toad venom","ev:E00121"
"Tobacco","ev:E00841"
"Tobacco oil","ev:E00732"
"Tolu balsam","ev:E00234"
"Tolu balsam oil","ev:E00234"
"Tolu balsam tincture","ev:E00239"
"Torilis japonica fruit","ev:E00624"
"Torreya grandis seed","ev:E00457"
"Torreyae semen","ev:E00457"
"Tortoise plastron","ev:E00263"
"Trachycarpus fortunei leaf","ev:E00354"
"Tragacanth","ev:E00005"
"Trapae fructus","ev:E00220"
"Tremolite","ev:E00351"
"Tribulus fruit","ev:E00109"
"Trichosanthes fruit","ev:E00864"
"Trichosanthes root","ev:E00073"
"Trichosanthes root","ev:E00073"
"Trichosanthes root","ev:E00700"
"Trichosanthes seed","ev:E00193"
"Trichosanthis semen","ev:E00193"
"Tritici semen","ev:E00253"
"Trogopterus feces","ev:E00272"
"Tryptophan-linked polyvinyl alcohol","ev:E00854"
"Tulipa edulis bulb","ev:E00596"
"Turmeric rhizome","ev:E00069"
"Turpentine oil","ev:E00734"
"Turtle shell","ev:E00263"
"Tussilago farfara flower bud","ev:E00345"
"Typha pollen","ev:E00312"
"Typhonium giganteum corm","ev:E00581"
"Ulmi pasta","ev:E00505"
"Uncaria hook","ev:E00132"
"Unionidae shell","ev:E00649"
"Uva ursi fluidextract","ev:E00175"
"Vaccaria pyramidata seed","ev:E00391"
"Vaccinium vitis-idaea leaf","ev:E00483"
"Valerian rhizome","ev:E00318"
"Vegetative wasp","ev:E00300"
"Veratrum root","ev:E00396"
"Verbena officinalis herb","ev:E00465"
"Verbenae herba","ev:E00465"
"Vespertilionum faeces","ev:E00513"
"Vetiver oil","ev:E00735"
"Vigna angularis seed","ev:E00450"
"Viola harb","ev:E00464"
"Viperidae Agkistrodon halys organ","ev:E00515"
"Viscum stem","ev:E00339"
"Vispae nidus","ev:E00535"
"Vitex fruit","ev:E00213"
"Viticis fructus","ev:E00213"
"Vitis-idaea","ev:E00483"
"Vladimiria souliei root","ev:E00699"
"Wakyoukatsu","ev:E00844"
"Walnut","ev:E00270"
"Water chestnut","ev:E00220"
"Wax white","ev:E00038"
"Wax Yellow","ev:E00037"
"Wedelia chinensis herb","ev:E00743"
"Wedelia prostrata herb","ev:E00742"
"Wheat seed","ev:E00253"
"White beeswax","ev:E00038"
"White pepper","ev:E00704"
"White Willow","ev:E00814"
"Wild cherry bark extract","ev:E00570"
"Willow","ev:E00814"
"Wintergreen oil","ev:E00736"
"Witch hazel","ev:E00762"
"Woodwardia rhizome","ev:E00603"
"Woodwardia unigemmata Woodwardia japonica rhizome","ev:E00598"
"Wormseed","ev:E00400"
"Xanthium fruit","ev:E00340"
"Xylocopa","ev:E00538"
"Xylocopidae","ev:E00538"
"Xylotropes dichotomus","ev:E00243"
"Yakumoso","ev:E00201"
"Yarrow","ev:E00824"
"Yellow beewax","ev:E00037"
"Yew","ev:E00403"
"Ylang Ylang oil","ev:E00737"
"Zanthoxylum ailanthoides bark","ev:E00744"
"Zanthoxylum fruit","ev:E00104"
"Zanthoxylum schinifolium fruit","ev:E00295"
"Zaocys dhumnades","ev:E00645"
"Zedoary","ev:E00066"
"Zenko","ev:E00196"
"Zentai","ev:E00197"
"Zinc ore","ev:E00539"